Job ID,Job URL,Job Title,Company Name,Status,Timestamp,WP ID
6afef62fd26e7f27,https://py.linkedin.com/jobs/view/security-specialist-at-nestl%C3%A9-4436379306,Security Specialist,Nestlé,posted,2026-07-07T02:02:14.516500,22
72730970bbe4907f,https://py.linkedin.com/jobs/view/recruitment-coordinator-at-national-services-group-inc-4436425448,Recruitment Coordinator,,scraped,2026-07-07T02:02:17.207660,
187ad1aaeccf5053,https://py.linkedin.com/jobs/view/mobility-transport-and-urban-planning-experts-at-ntu-international-a-s-4437149477,"Mobility, Transport and Urban Planning Experts",,scraped,2026-07-07T02:02:54.842245,
c3c37fcee1574af5,https://py.linkedin.com/jobs/view/bookkeeper-at-cs-outsource-4436013290,Bookkeeper,CS Outsource,posted,2026-07-07T02:03:10.027587,24
4bcf29d868095ef6,https://py.linkedin.com/jobs/view/outbound-calls-representative-with-english-at-customerumbrella-4436766693,Outbound Calls Representative with English,,scraped,2026-07-07T02:03:12.629511,
152e7668193284e6,https://py.linkedin.com/jobs/view/dba-de-aplicaciones-de-oracle-at-sodep-s-a-4433121561,DBA de aplicaciones de Oracle,,scraped,2026-07-07T02:04:27.688470,
afe0a1cb5fa3a4b9,https://py.linkedin.com/jobs/view/comprador-a-mt-at-inovant-rh-4433762455,Comprador(a) - MT,,scraped,2026-07-07T02:04:35.332675,
b12ccf9ea7da9771,https://py.linkedin.com/jobs/view/community-manager-at-symmetry-4433744872,Community Manager,,scraped,2026-07-07T02:04:41.858036,
b971115e17161dc3,https://py.linkedin.com/jobs/view/critical-raw-materials-experts-at-ntu-international-a-s-4437113636,Critical Raw Materials Experts,,scraped,2026-07-07T02:06:05.023686,
ee5a3d37ae4d73d1,https://py.linkedin.com/jobs/view/application-security-engineer-remote-work-at-bairesdev-4436216654,Application Security Engineer - Remote Work,BairesDev,posted,2026-07-07T02:06:20.433208,26
66c59e4985d355db,https://www.linkedin.com/jobs/view/11032/,"1,000+Senior Developer Contract Jobs in United States",,failed|wp_post_failed,2026-07-07T02:06:24.625132,
3f3400c578e7220c,https://py.linkedin.com/jobs/view/cerrador-de-base-de-datos-at-clt-sa-4433936602,Cerrador de Base de Datos,CLT SA,posted,2026-07-07T02:06:36.267871,28
83755e42099e35c0,https://py.linkedin.com/jobs/view/business-development-executive-at-deriv-4426652025,Business Development Executive,,scraped,2026-07-07T02:06:38.886347,
f859dc2797cb4a6d,https://py.linkedin.com/jobs/view/fashion-designer-at-all-out-4432793396,Fashion Designer,,scraped,2026-07-07T02:06:45.801343,
9f10438b5e0d5fa8,https://py.linkedin.com/jobs/view/cloud-engineer-at-skytel-4433972585,Cloud Engineer,SkyTel,posted,2026-07-07T02:07:56.549090,30
bead1f1414f09620,https://py.linkedin.com/jobs/view/conductor-profesional-b-at-sanitarios-roy-4431521176,Conductor profesional B,Sanitarios Roy,posted,2026-07-07T02:08:07.612765,32
647e5133cce6095e,https://py.linkedin.com/jobs/view/lead-field-service-representative-py-at-nalco-water-an-ecolab-company-4408569404,Lead Field Service Representative - PY,,scraped,2026-07-07T02:08:10.258504,
faa2e6b9ec44ad6f,https://py.linkedin.com/jobs/view/order-coordination-analyst-at-infobip-4416326421,Order Coordination Analyst,,scraped,2026-07-07T02:08:37.755200,
1773ffe3ae1c9d15,https://py.linkedin.com/jobs/view/operador-a-nueva-toledo-at-cargill-4427046149,Operador (a) - Nueva Toledo,Cargill,posted,2026-07-07T02:09:05.571049,34
00c968fc3f247de7,https://py.linkedin.com/jobs/view/dise%C3%B1ador-pre-prensa-at-lavoro-4433963272,Diseñador Pre Prensa,,scraped,2026-07-07T02:09:08.147444,
2cec35b4a1051877,https://py.linkedin.com/jobs/view/data-analyst-junior-at-ey-4385638020,Data Analyst Junior,EY,posted,2026-07-07T02:09:43.564258,36
9a525cfc73ae0087,https://py.linkedin.com/jobs/view/customer-delivery-analyst-at-infobip-4406235083,Customer Delivery Analyst,,scraped,2026-07-07T02:09:46.685415,
93ed27285455ca66,https://py.linkedin.com/jobs/view/senior-product-manager-at-apply-4398599875,Senior Product Manager,,scraped,2026-07-07T02:09:53.087546,
166fa455931344bf,https://py.linkedin.com/jobs/view/junior-bilingual-attorney-licensed-in-paraguay-at-limeres-4433914088,Junior Bilingual Attorney Licensed in Paraguay,,scraped,2026-07-07T02:10:00.369113,
a1729cc019c9e1b4,https://py.linkedin.com/jobs/view/marketing-specialist-at-cs-outsource-4436241734,Marketing Specialist,,scraped,2026-07-07T02:10:07.893320,
8883e8b650b2b9ef,https://py.linkedin.com/jobs/view/backend-developer-node-js-at-applaudo-4436144995,Backend Developer (Node.js),,scraped,2026-07-07T02:10:24.144073,
46f79daa223ced5d,https://py.linkedin.com/jobs/view/analista-de-compras-sr-at-yazaki-mercosul-4435565954,Analista de Compras Sr,Yazaki Mercosul,posted,2026-07-07T02:10:44.184525,38
9fe50961f4e65d6e,https://py.linkedin.com/jobs/view/inside-sales-representative-at-elvtr-4435837656,Inside Sales Representative,,scraped,2026-07-07T02:10:46.831996,
e738241a3b1651e4,https://py.linkedin.com/jobs/view/auxiliar-de-facturaci%C3%B3n-at-jauser-paraguay-soluciones-log%C3%ADsticas-4435294479,Auxiliar de Facturación,,scraped,2026-07-07T02:11:08.784946,
ab061dc03b6249e5,https://py.linkedin.com/jobs/view/marketing-executive-at-mindset-paraguay-4433963939,Marketing Executive,,scraped,2026-07-07T02:11:15.992235,
75a8b0cfa47e085e,https://py.linkedin.com/jobs/view/capo-reparto-ga-sa-fo-at-gruppo-futura-4436376329,CAPO REPARTO GA.SA.FO.,,scraped,2026-07-07T02:11:22.113387,
463d38e7269a1dfb,https://py.linkedin.com/jobs/view/outbond-call-sales-agent-argentinian-market-at-best-service-team-4436754114,Outbond Call Sales Agent (Argentinian market),,scraped,2026-07-07T02:11:29.139870,
cf0839a536958de0,https://py.linkedin.com/jobs/view/vendedor-at-semar-s-r-l-4433983669,Vendedor,,scraped,2026-07-07T02:12:28.030878,
7a92f58e0df90f90,https://py.linkedin.com/jobs/view/tech-lead-salesforce-commerce-cloud-at-apply-4436303372,Tech Lead (Salesforce Commerce Cloud),,scraped,2026-07-07T02:12:36.421465,
fbc1bd4264cd4939,https://py.linkedin.com/jobs/view/qa-automation-engineer-node-js-distributed-systems-at-applaudo-4436139574,QA Automation Engineer (Node.js & Distributed Systems),,scraped,2026-07-07T02:12:43.300327,
b3127fa7a596e943,https://py.linkedin.com/jobs/view/talent-network-marketing-specialist-at-toptal-4427649053,Talent Network: Marketing Specialist,,scraped,2026-07-07T02:12:49.945787,
104fb7ef16cf8081,https://py.linkedin.com/jobs/view/gerente-comercial-at-manpowergroup-paraguay-4437469593,Gerente comercial,,scraped,2026-07-07T02:14:00.694830,
e9af855b20ed52bb,https://py.linkedin.com/jobs/view/coordenadora-fiscal-mt-at-inovant-rh-4433768605,Coordenadora Fiscal - MT,,scraped,2026-07-07T02:14:07.387717,
cd73a103276c1840,https://py.linkedin.com/jobs/view/latin-american-voice-actor-fully-remote-upto-%24150-hr-at-mercor-4427143832,Latin American Voice Actor - Fully Remote | Upto $150/hr,,scraped,2026-07-07T02:14:14.147351,
0e725dec69723658,https://py.linkedin.com/jobs/view/tech-lead-atm-%231009566-at-dexian-4435468055,Tech Lead ATM #1009566,,scraped,2026-07-07T02:14:29.179719,
ab0b78ce1f77f5c8,https://py.linkedin.com/jobs/view/contador-senior-at-lotomedco-4437713301,Contador Senior,,scraped,2026-07-07T02:14:56.087943,
026734df5a101cdd,https://py.linkedin.com/jobs/view/asesor-comercial-digital-4433109905,Asesor Comercial Digital,Proveedor S.A.,posted,2026-07-07T02:15:08.824365,40
5d9250c46e0b388f,https://py.linkedin.com/jobs/view/tecnico-de-servicio-at-otis-elevator-co-4436019927,Tecnico de Servicio,,scraped,2026-07-07T02:15:11.487930,
b40a781ed216f802,https://py.linkedin.com/jobs/view/dise%C3%B1ador-de-sistemas-el%C3%A9ctricos-at-santa-monica-consultora-4433946997,Diseñador de sistemas eléctricos,Santa Monica Consultora,posted,2026-07-07T02:15:47.332409,42
2b9f89062a899545,https://py.linkedin.com/jobs/view/dise%C3%B1ador-gr%C3%A1fico-at-pargos-tech-4433944839,Diseñador Gráfico,,scraped,2026-07-07T02:15:49.912262,
df975c2d89ff82f8,https://py.linkedin.com/jobs/view/software-development-engineer-in-test-pro-at-kraken-4416721074,Software Development Engineer in Test - Pro,,scraped,2026-07-07T02:15:56.446718,
e1ff0908b2d2336b,https://py.linkedin.com/jobs/view/spanish-interpreter-asuncion-paraguay-at-propio-language-services-4433976263,"Spanish Interpreter - Asuncion,Paraguay",,scraped,2026-07-07T02:16:13.948181,
39e6c7a7b440e99d,https://py.linkedin.com/jobs/view/vendedor-comercial-que-hable-portugues-at-cr-consultores-4433960121,VENDEDOR COMERCIAL QUE HABLE PORTUGUES,,scraped,2026-07-07T02:16:22.378021,
238d6d414bb2bf3f,https://py.linkedin.com/jobs/view/spanish-interpreter-paraguay-at-propio-language-services-4433962701,Spanish Interpreter - Paraguay,,scraped,2026-07-07T02:16:35.412923,
125a4ef1bcf1b798,https://py.linkedin.com/jobs/view/desarrollador-full-stack-senior-at-esmassiva-4433993297,Desarrollador Full Stack Senior,,scraped,2026-07-07T02:16:51.726529,
e03e440aab8314ab,https://py.linkedin.com/jobs/view/hr-total-rewards-sr-analyst-at-nestl%C3%A9-4436122753,HR Total Rewards Sr. Analyst,Nestlé,posted,2026-07-07T02:18:15.005582,44
dcf4f0f59c69de08,https://py.linkedin.com/jobs/view/sustainable-finance-experts-at-ntu-international-a-s-4436756353,Sustainable Finance Experts,,scraped,2026-07-07T02:18:17.574018,
59cc0e1cbbcb3f2a,https://py.linkedin.com/jobs/view/representante-de-field-service-despacho-b2b-at-millicom-tigo-4436397214,Representante de Field Service Despacho B2B,,scraped,2026-07-07T02:18:25.028948,
fb64d90669803579,https://py.linkedin.com/jobs/view/nespresso-accounting-analyst-at-nestl%C3%A9-4436441351,Nespresso Accounting Analyst,Nestlé,posted,2026-07-07T02:18:39.996172,46
033f5de37b78deee,https://py.linkedin.com/jobs/view/blockchain-engineer-remote-work-at-bairesdev-4436232659,Blockchain Engineer - Remote Work,,scraped,2026-07-07T02:18:42.651824,
035ddcb9b3644261,https://py.linkedin.com/jobs/view/coordinador-de-planificacion-field-service-at-millicom-tigo-4437452093,Coordinador de Planificacion Field Service,,scraped,2026-07-07T02:18:57.145372,
65a05486e63693df,https://py.linkedin.com/jobs/view/analista-de-auditoria-y-mpd-at-bebidas-del-paraguay-4434683942,Analista de Auditoria y MPD,,scraped,2026-07-07T02:19:03.437277,
0d6d57e1f7565bc4,https://py.linkedin.com/jobs/view/asistente-junior-de-datos-maestros-at-nestl%C3%A9-4436426831,Asistente Junior de Datos Maestros,Nestlé,posted,2026-07-07T02:19:18.592704,48
24206d231e68964e,https://py.linkedin.com/jobs/view/it-operations-engineer-at-deriv-4435232806,IT Operations Engineer,,scraped,2026-07-07T02:19:21.319158,
23329c50f270f54e,https://py.linkedin.com/jobs/view/office-based-call-center-agent-central-paraguay-at-srr-group-4436701001,"Office-based_Call Center Agent (Central, Paraguay)",SRR Group,posted,2026-07-07T02:20:08.402695,50
6fa2898921554794,https://py.linkedin.com/jobs/view/staff-en-tecnolog%C3%ADa-programador-at-ey-4399066276,Staff en Tecnología - Programador,EY,posted,2026-07-07T02:20:19.135029,52
a593b69a39f175f5,https://py.linkedin.com/jobs/view/ux-ui-designer-at-the-flex-4436376680,UX/UI Designer,,scraped,2026-07-07T02:20:21.764090,
4365017e74ead5f2,https://py.linkedin.com/jobs/view/tech-lead-salesforce-crm-at-apply-4437458723,Tech Lead (Salesforce CRM),,scraped,2026-07-07T02:20:28.827704,
9a3a7b9a661a064c,https://py.linkedin.com/jobs/view/ingeniero-a-de-calidad-qa-automatizaci%C3%B3n-at-ey-4385036903,Ingeniero(a) de Calidad (QA) & Automatización,EY,posted,2026-07-07T02:20:44.968801,54
68ec7bceec04650b,https://py.linkedin.com/jobs/view/analista-sr-de-inteligencia-de-negocios-at-millicom-tigo-4435860243,Analista Sr de Inteligencia de Negocios,,scraped,2026-07-07T02:20:47.542385,
f0fe31c45ff00336,https://py.linkedin.com/jobs/view/virtual-assistant-at-cs-outsource-4435795973,Virtual Assistant,,scraped,2026-07-07T02:20:54.790036,
7bf3286ff1ef547d,https://py.linkedin.com/jobs/view/desarrollador-a-net-full-stack-web-at-ey-4385054122,Desarrollador(a) .NET - Full-Stack Web,EY,posted,2026-07-07T02:21:10.366954,56
6cf8daea551975ce,https://py.linkedin.com/jobs/view/senior-technical-support-engineer-upto-%2450k-yr-at-mercor-4416782968,Senior Technical Support Engineer | Upto $50K/yr,,scraped,2026-07-07T02:21:12.939373,
1b2ee5814be6d611,https://py.linkedin.com/jobs/view/software-development-engineer-in-test-ii-sdet-ii-pro-at-kraken-4415709949,Software Development Engineer in Test II (SDET II) - Pro,,scraped,2026-07-07T02:21:20.310339,
c412ced8201c8307,https://py.linkedin.com/jobs/view/sr-qa-automation-engineer-at-apply-4371003607,Sr QA Automation Engineer,,scraped,2026-07-07T02:21:34.594901,
c511d258dd0c1863,https://py.linkedin.com/jobs/view/encargado-de-dep%C3%B3sito-at-bebidas-del-paraguay-4435231726,Encargado de Depósito,,scraped,2026-07-07T12:17:38.859350,
4ef724a638905975,https://py.linkedin.com/jobs/view/asesor-de-servicio-al-cliente-at-dhl-express-4436469356,Asesor de Servicio al Cliente,DHL Express,posted,2026-07-07T12:17:58.838086,58
860bc6ef3ea17d7c,https://py.linkedin.com/jobs/view/l%C3%ADder-de-equipo-de-ventas-at-tripleten-indonesia-4433131818,Líder de Equipo de Ventas,TripleTen Indonesia,posted,2026-07-07T12:18:13.684721,60
089d4b04ab68581e,https://py.linkedin.com/jobs/view/l%C3%ADder-de-equipo-de-ventas-at-tripleten-4436442515,Líder de Equipo de Ventas,TripleTen,posted,2026-07-07T12:18:24.202873,62
76bea522fa276c08,https://py.linkedin.com/jobs/view/asistente-generalista-de-talento-humano-at-ey-4385047261,Asistente Generalista de Talento Humano,EY,posted,2026-07-07T12:18:34.638142,64
f21322a4d9d9fa67,https://py.linkedin.com/jobs/view/event-project-manager-at-deriv-4426627718,Event Project Manager,,scraped,2026-07-07T12:18:43.296527,
f720b57c4b47ed7c,https://py.linkedin.com/jobs/view/solutions-consultant-full-time-at-inair-4436495316,Solutions Consultant (Full Time),InAir,posted,2026-07-07T12:19:11.586790,66
8c4026941bb02506,https://py.linkedin.com/jobs/view/coordenadora-fiscal-at-inovant-rh-4436297184,Coordenadora Fiscal,,scraped,2026-07-07T12:19:18.046040,
7e8f5a709e0bedbd,https://py.linkedin.com/jobs/view/analista-jr-funcional-de-proyectos-at-millicom-tigo-4436783503,Analista Jr Funcional de Proyectos,,scraped,2026-07-07T12:19:24.631093,
39717365b4c3b9e6,https://py.linkedin.com/jobs/view/atenci%C3%B3n-al-cliente-at-liv-clinic-4434544199,Atención al cliente,,scraped,2026-07-07T12:19:31.400999,
d2c8e6017e876f55,https://py.linkedin.com/jobs/view/programme-manager-no-4-ft-%2300133767-asuncion-%E2%80%93-paraguay-lacr-at-unicef-4436772157,"Programme Manager (NO-4), FT, #00133767, Asuncion – Paraguay, LACR",UNICEF,posted,2026-07-07T12:19:44.837433,68
59a04382619ff40c,https://py.linkedin.com/jobs/view/health-experts-at-ntu-international-a-s-4437181527,Health Experts,,scraped,2026-07-07T12:19:51.488538,
e9eb6fdc52b20980,https://py.linkedin.com/jobs/view/analista-de-gestion-de-reportes-comerciales-at-millicom-tigo-4437438734,Analista de Gestion de Reportes Comerciales,,scraped,2026-07-07T12:20:00.734376,
3512804d07fc5bcb,https://py.linkedin.com/jobs/view/asistente-de-marketing-at-ibra-import-s-r-l-4434537058,Asistente de marketing,,scraped,2026-07-07T12:20:07.296957,
0352352356b494c4,https://py.linkedin.com/jobs/view/asesor-t%C3%A9cnico-comercial-at-atp-paraguay-4433710397,Asesor técnico comercial,,scraped,2026-07-07T12:20:15.905007,
e39200e630f5efad,https://py.linkedin.com/jobs/view/auxiliar-administrativo-cobrador-at-sgf-global-4437191012,Auxiliar administrativo/cobrador,SGF Global,posted,2026-07-07T12:20:36.338973,70
e7f0b88a24c033f5,https://py.linkedin.com/jobs/view/education-research-and-innovation-experts-at-ntu-international-a-s-4437401533,"Education, Research and Innovation Experts",,scraped,2026-07-07T12:20:39.011483,
b8467cf3e47b19ae,https://py.linkedin.com/jobs/view/dise%C3%B1ador-gr%C3%A1fico-at-san-jose-import-export-s-a-4434515974,Diseñador gráfico,,scraped,2026-07-07T12:20:46.254911,
53c8d812720838d7,https://py.linkedin.com/jobs/view/security-compliance-engineer-at-yuno-4437705584,Security Compliance Engineer,Yuno,posted,2026-07-07T12:21:01.556507,72
56745894aae3b5f2,https://py.linkedin.com/jobs/view/preventista-ciudad-del-este-at-bebidas-del-paraguay-4434695467,Preventista Ciudad del Este,,scraped,2026-07-07T12:21:03.936998,
264848de31189fbf,https://py.linkedin.com/jobs/view/climate-change-and-circular-economy-experts-at-ntu-international-a-s-4437148119,Climate Change and Circular Economy Experts,,scraped,2026-07-07T12:21:10.719840,
1f72406ef9546d86,https://py.linkedin.com/jobs/view/operations-assistant-at-cs-outsource-4435267255,Operations Assistant,CS Outsource,posted,2026-07-07T12:21:24.987628,74
5e29015679b22c56,https://py.linkedin.com/jobs/view/auxiliar-de-inventario-at-compulandia-4433105545,Auxiliar de inventario,Compulandia,posted,2026-07-07T12:21:41.778049,76
e838b94299509477,https://py.linkedin.com/jobs/view/crm-cvm-lifecycle-retention-marketing-lead-us-b2c-subscription-only-at-jobhire-ai-4437758926,CRM/ CVM / Lifecycle/Retention Marketing Lead (US b2c subscription only),JobHire.AI,posted,2026-07-07T12:21:53.953274,78
abf7a99eb92005e5,https://py.linkedin.com/jobs/view/python-backend-developer-at-unosquare-4436298340,Python Backend Developer,unosquare,posted,2026-07-07T12:22:04.217497,80
fba16f65cacc9e47,https://py.linkedin.com/jobs/view/global-governance-and-security-experts-at-ntu-international-a-s-4437403547,Global Governance and Security Experts,,scraped,2026-07-07T12:22:08.955239,
b9d444189b7ca3b0,https://py.linkedin.com/jobs/view/digital-experts-at-ntu-international-a-s-4437152990,Digital Experts,,scraped,2026-07-07T12:22:16.082632,
0b1a5db9356c1b4a,https://py.linkedin.com/jobs/view/sustainable-energy-experts-at-ntu-international-a-s-4437114629,Sustainable Energy Experts,,scraped,2026-07-07T12:22:23.548979,
267dd83bbf83fe40,https://py.linkedin.com/jobs/view/talent-acquisition-sr-analyst-at-nestl%C3%A9-4437481593,Talent Acquisition SR Analyst,Nestlé,posted,2026-07-07T12:22:42.675171,82
648b7b7645034b5c,https://py.linkedin.com/jobs/view/inclusive-and-sustainable-economic-integration-experts-at-ntu-international-a-s-4436740193,Inclusive and Sustainable Economic Integration Experts,,scraped,2026-07-07T12:22:45.327012,
62ca649462cb7da2,https://py.linkedin.com/jobs/view/customer-success-engineer-fully-remote-at-mercor-4427915287,Customer Success Engineer - Fully Remote,Mercor,posted,2026-07-07T12:23:07.859982,84
d495a71ce5f9b685,https://py.linkedin.com/jobs/view/senior-inventory-cost-of-goods-sold-analyst-at-solventum-4436409556,Senior Inventory & Cost of Goods Sold Analyst,Solventum,posted,2026-07-07T12:23:22.356715,86
305bd0048e111e07,https://py.linkedin.com/jobs/view/angular-developer-at-unosquare-4414026536,Angular Developer,unosquare,posted,2026-07-07T12:23:30.603511,88
663c5d1382f04a59,https://py.linkedin.com/jobs/view/desarrollador-full-stack-senior-at-esmassiva-4433993315,Desarrollador Full Stack Senior,,scraped,2026-07-07T12:23:33.271065,
449c6e0bb83f0a56,https://py.linkedin.com/jobs/view/analista-de-gesti%C3%B3n-de-procesos-4432359894,Analista de gestión de procesos,GRUPO FAVERO,posted,2026-07-07T12:23:55.433110,90
c3d0f7f7cc024b45,https://py.linkedin.com/jobs/view/district-representative-ii-%E2%80%93-py-at-nalco-water-an-ecolab-company-4408708649,District Representative II – PY,"Nalco Water, An Ecolab Company",posted,2026-07-07T12:24:09.395002,92
de6bdcd979ebc35c,https://py.linkedin.com/jobs/view/it-recruiter-remote-work-at-bairesdev-4436831703,IT Recruiter - Remote Work,BairesDev,posted,2026-07-07T20:33:12.652525,94
3b4e3f2cc3c43ad4,https://py.linkedin.com/jobs/view/transaction-coordinator-at-cs-outsource-4436840695,Transaction Coordinator,CS Outsource,posted,2026-07-07T20:33:21.344610,96
3e665bb6921e0210,https://py.linkedin.com/jobs/view/skills-role-content-specialist-remote-work-at-bairesdev-4436850058,Skills & Role Content Specialist - Remote Work,BairesDev,posted,2026-07-07T20:33:33.222413,98
cfc82cbde1a6a996,https://py.linkedin.com/jobs/view/office-based-call-center-agent-ciudad-del-este-paraguay-at-srr-group-4436186613,"Office-based_Call Center Agent (Ciudad del Este, Paraguay)",SRR Group,posted,2026-07-07T20:33:52.638414,100
81ee3dc55cd4a50f,https://py.linkedin.com/jobs/view/asistente-de-dep%C3%B3sito-at-louis-dreyfus-company-4431517652,ASISTENTE DE DEPÓSITO,Louis Dreyfus Company,posted,2026-07-07T20:34:08.350924,102
6ee500cba3857b0f,https://py.linkedin.com/jobs/view/project-manager-specialist-at-nestl%C3%A9-4436764580,Project Manager Specialist,Nestlé,posted,2026-07-07T20:34:18.848921,104
fbcad7acd8e90d3a,https://py.linkedin.com/jobs/view/creador-a-de-contenido-pov-para-ia-remoto-at-toloka-annotators-4437750984,Creador(a) de Contenido POV para IA - Remoto,Toloka Annotators,posted,2026-07-07T20:34:29.929353,106
c908ae4e3b6e9f47,https://py.linkedin.com/jobs/view/analista-de-reclutamiento-y-seleccion-at-millicom-tigo-4436379976,Analista de Reclutamiento y Seleccion,,scraped,2026-07-07T20:34:32.612639,
f562f0e0d9408d74,https://py.linkedin.com/jobs/view/entrenador-comercial-at-evoltis-4433981353,Entrenador Comercial,,scraped,2026-07-07T20:34:39.348359,
d50df43ec80a3095,https://py.linkedin.com/jobs/view/asistente-legal-at-ey-4381055183,Asistente Legal,EY,posted,2026-07-07T20:34:54.970998,108
c9fb226ef40ca3fc,https://py.linkedin.com/jobs/view/partnership-lead-at-entrepreneur-cooperative-4437856934,Partnership Lead,Entrepreneur Cooperative,posted,2026-07-07T20:35:02.949546,110
d2764153f9c272df,https://py.linkedin.com/jobs/view/analista-de-capacitaci%C3%B3n-e-learning-at-fundaci%C3%B3n-paraguaya-4434559941,Analista de Capacitación E-learning,,scraped,2026-07-07T20:35:11.639469,
f22dc5b4cfd50289,https://py.linkedin.com/jobs/view/herrero-y-soldador-at-la-offi-s-a-4437711923,Herrero y Soldador,,scraped,2026-07-07T20:35:25.405367,
f4fbb9243afece90,https://py.linkedin.com/jobs/view/accounting-and-finance-supervisor-at-van-hessen-4435839516,Accounting and Finance Supervisor,,scraped,2026-07-07T20:35:33.949171,
f31f8966e8f53d23,https://py.linkedin.com/jobs/view/dise%C3%B1ador-gr%C3%A1fico-at-coexma-s-r-l-4434577281,Diseñador gráfico,Coexma S.R.L.,posted,2026-07-07T20:35:58.129372,112
0ff477239a402ba1,https://py.linkedin.com/jobs/view/supervisor-de-servicios-industriales-4434538717,Supervisor de Servicios Industriales,ANONIMO,posted,2026-07-07T20:36:08.994856,114
fdf1357c91a8e911,https://py.linkedin.com/jobs/view/analista-contable-at-fundaci%C3%B3n-paraguaya-4416846246,Analista Contable,,scraped,2026-07-07T20:36:11.566121,
f33733ea8b459e6d,https://py.linkedin.com/jobs/view/analista-de-n%C3%B3mina-y-beneficios-at-fundaci%C3%B3n-paraguaya-4434562828,Analista de Nómina y Beneficios,,scraped,2026-07-07T20:36:23.587387,
b749d4530eb7a592,https://py.linkedin.com/jobs/view/dise%C3%B1ador-gr%C3%A1fico-at-hogar-feliz-4433939714,Diseñador Gráfico,Hogar Feliz,posted,2026-07-07T20:36:43.127194,116
df78a562028748c2,https://py.linkedin.com/jobs/view/ejecutivo-comercial-de-alianzas-digitales-at-sancor-seguros-del-paraguay-4434544424,Ejecutivo Comercial de Alianzas Digitales,,scraped,2026-07-07T20:36:47.812355,
8d8630b7157eecde,https://py.linkedin.com/jobs/view/fullstack-developer-senior-python-django-%2B-react-remote-latin-america-at-bluelight-4437859708,"Fullstack Developer (Senior) - Python (Django) + React - Remote, Latin America",Bluelight,posted,2026-07-07T20:37:09.260149,118
8d82c95e13fab4cb,https://py.linkedin.com/jobs/view/ejecutivo-comercial-at-capital-cr%C3%A9ditos-s-a-4434565460,Ejecutivo Comercial,,scraped,2026-07-07T20:37:11.888864,
ceaf6fd3b22ea05f,https://py.linkedin.com/jobs/view/analista-desarrollador-back-end-at-diviserv-s-a-4433990072,Analista/Desarrollador Back-end,,scraped,2026-07-07T20:37:18.729709,
2f0f7bebdb2a58f7,https://py.linkedin.com/jobs/view/programme-manager-no-4-ft-%2300133767-asuncion-%E2%80%93-paraguay-lacr-at-unicef-chad-4433727783,"Programme Manager (NO-4), FT, #00133767, Asuncion – Paraguay, LACR",Unicef CHAD,posted,2026-07-07T20:37:31.068208,68
8ffe84cba8be08f9,https://py.linkedin.com/jobs/view/responsable-de-modelado-de-datos-bi-y-factibilidad-finanzas-analytics-at-talent-connect-4435038669,"Responsable de Modelado de Datos, BI, y Factibilidad - Finanzas & Analytics",Talent Connect,posted,2026-07-07T20:37:43.844095,120
6db030002881af81,https://py.linkedin.com/jobs/view/departamento-de-finanzas-responsable-de-modelado-de-datos-bi-y-factibilidad-at-talent-connect-4435489044,"Departamento de Finanzas - Responsable de Modelado de Datos, BI, y Factibilidad",Talent Connect,posted,2026-07-07T20:37:53.898140,122
ca8183da6b833593,https://py.linkedin.com/jobs/view/dise%C3%B1ador-gr%C3%A1fico-at-grupo-mass-4434531886,Diseñador gráfico,,scraped,2026-07-07T20:37:56.502696,
ef74f034c80a601c,https://py.linkedin.com/jobs/view/coordinatore-di-turno-delivery-at-gruppo-futura-4437762931,COORDINATORE DI TURNO DELIVERY,,scraped,2026-07-07T20:38:11.855807,
707b355d0ed552e8,https://py.linkedin.com/jobs/view/analista-de-contabilidad-at-vac-consultores-4434505051,Analista de contabilidad,VAC CONSULTORES,posted,2026-07-07T20:39:02.998675,124
b4ab8446b2d8bad4,https://py.linkedin.com/jobs/view/guaran%C3%AD-language-specialist-freelance-ai-trainer-project-at-meridial-marketplace-by-invisible-4286261500,Guaraní Language Specialist - Freelance AI Trainer Project,"Meridial Marketplace, by Invisible",posted,2026-07-07T20:39:14.508846,126
e634f9dfd04348c3,https://py.linkedin.com/jobs/view/pasante-it-at-experis-4433966877,Pasante IT,Experis,posted,2026-07-07T20:39:27.347989,128
8978e0796a94450b,https://py.linkedin.com/jobs/view/ingeniero-industrial-jr-comercial-zona-de-capiat%C3%A1-at-estelar-4434538900,Ingeniero Industrial Jr. (Comercial) - Zona de Capiatá,,scraped,2026-07-07T20:39:29.977305,
ea8c7a45993a97ba,https://py.linkedin.com/jobs/view/devops-i%2Bd-trabajo-remoto-at-bairesdev-4436212970,DevOps / I+D - Trabajo Remoto,BairesDev,posted,2026-07-07T20:39:50.151522,130
b96fe45d62258786,https://py.linkedin.com/jobs/view/paraguay-online-language-school-franchise-partnership-at-lingua-learn-franchise-group-4437197804,Paraguay Online Language School Franchise Partnership,Lingua Learn Franchise Group,posted,2026-07-07T20:40:04.839673,132
3e9288439cab55a4,https://py.linkedin.com/jobs/view/sales-support-associate-at-infobip-4394718489,Sales Support Associate,,scraped,2026-07-07T20:40:13.566819,
f589b087ee85ff45,https://py.linkedin.com/jobs/view/asistente-outsourcing-contable-y-tributario-at-ey-4417836384,Asistente Outsourcing Contable y Tributario,EY,posted,2026-07-07T20:40:31.419845,134
1ff454569dea3992,https://py.linkedin.com/jobs/view/sap-security-senior-analyst-at-solventum-4418948887,SAP Security Senior Analyst,Solventum,posted,2026-07-07T20:40:45.689191,136
abed9005ac461ed8,https://py.linkedin.com/jobs/view/ingeniero-de-plataforma-de-datos-at-millicom-tigo-4436388707,Ingeniero de Plataforma de Datos,,scraped,2026-07-07T20:40:48.353035,
1b4f459cf7d3124a,https://py.linkedin.com/jobs/view/analista-tecnico-del-nec-at-millicom-tigo-4437794256,Analista Tecnico del Nec,,scraped,2026-07-07T20:40:59.157098,
24c1b464cf804e2c,https://py.linkedin.com/jobs/view/staffing-fronters-consultant-remote-work-at-bairesdev-4436860400,Staffing Fronters Consultant - Remote Work,BairesDev,posted,2026-07-08T06:46:15.065986,148
d4f6e811cd936558,https://py.linkedin.com/jobs/view/entrepreneur-in-residence-eir-at-the-flex-4436942439,Entrepreneur in Residence (EIR),,scraped,2026-07-08T06:46:37.780821,
8daa3768d59dfa82,https://py.linkedin.com/jobs/view/marketing-manager-mobile-top-up-at-idt-corporation-4437495210,Marketing Manager - Mobile Top Up,IDT Corporation,posted,2026-07-08T06:47:17.316260,150
d240e66226de1f53,https://py.linkedin.com/jobs/view/buscamos-docentes-de-emprendimiento-innovaci%C3%B3n-y-gesti%C3%B3n-de-proyectos-at-instituto-de-dise%C3%B1o-y-tecnolog%C3%ADa-idt-4434580436,"Buscamos docentes de Emprendimiento, Innovación y Gestión de Proyectos",Instituto de Diseño y Tecnología (IDT),posted,2026-07-08T06:47:30.883453,152
1c5d5d59715ebfac,https://py.linkedin.com/jobs/view/arquitecto-a-%E2%80%94-departamento-de-dise%C3%B1o-at-smf-constructora-4434580228,Arquitecto/a — Departamento de Diseño,SMF Constructora,posted,2026-07-08T06:47:59.807128,154
aaa852837b655270,https://py.linkedin.com/jobs/view/comercial-inmobiliario-at-re-max-executive-4433111997,Comercial inmobiliario,,scraped,2026-07-08T06:48:06.412137,
8d0d15df3f388bdc,https://py.linkedin.com/jobs/view/fullstack-developer-senior-python-django-%2B-react-remote-latin-america-at-bluelight-4437864508,"Fullstack Developer (Senior) - Python (Django) + React - Remote, Latin America",Bluelight,posted,2026-07-08T06:48:17.470050,118
c1b7204f6764b8d8,https://py.linkedin.com/jobs/view/vendedor-de-suplementaci%C3%B3n-deportiva-4434581520,vendedor de suplementación deportiva,El negro suplementos,posted,2026-07-08T06:48:36.386426,156
023988d1eaf674e8,https://py.linkedin.com/jobs/view/analista-de-riesgos-4434579283,Analista de riesgos,EF EL FINANCIERO,posted,2026-07-08T06:49:01.966156,158
45714599222ac613,https://py.linkedin.com/jobs/view/encargado-local-de-ventas-turno-tarde-4434500245,Encargado local de ventas turno tarde,Panaderia La Negrita S.R.L.,posted,2026-07-08T06:49:17.963837,160
af34712d6aca5cbd,https://py.linkedin.com/jobs/view/scrum-master-remote-work-at-bairesdev-4436820482,Scrum Master - Remote Work,BairesDev,posted,2026-07-08T06:49:28.326499,162
810ba9328c86b14f,https://py.linkedin.com/jobs/view/encargado-de-dep%C3%B3sito-y-log%C3%ADstica-at-lotomedco-4433770802,Encargado de Depósito y Logística,,scraped,2026-07-08T06:49:30.914410,
7e6678dbc207f27b,https://py.linkedin.com/jobs/view/ai-video-creator-at-the-flex-4436764937,AI Video Creator,,scraped,2026-07-08T06:49:37.197097,
f5b733f58554a568,https://py.linkedin.com/jobs/view/machine-learning-engineer-remote-work-at-bairesdev-4436846833,Machine Learning Engineer - Remote Work,BairesDev,posted,2026-07-08T06:49:56.875467,164
068be7dc2ae8daf3,https://py.linkedin.com/jobs/view/new-business-fleet-card-territory-manager-at-impala-terminals-4438102268,New Business & Fleet Card Territory Manager,,scraped,2026-07-08T06:49:59.533735,
fd0e4ec81daf1ec6,https://py.linkedin.com/jobs/view/paid-media-specialist-at-compulandia-4433102634,Paid Media Specialist,Compulandia,posted,2026-07-08T06:50:19.682825,166
57aec5e64a8cc778,https://py.linkedin.com/jobs/view/consultor-a-sap-fico-senior-%E2%80%93-triling%C3%BCe-espa%C3%B1ol-portugu%C3%A9s-e-ingl%C3%A9s-%E2%80%93-100%25-remoto-paraguay-at-sapindex-4437458166,"Consultor/a SAP FICO Senior – Trilingüe (Español, Portugués e Inglés) – 100% Remoto - Paraguay",,scraped,2026-07-08T06:50:26.347153,
3d0caec525c158e3,https://py.linkedin.com/jobs/view/veterinario-residente-at-le-marche-4434588567,Veterinario Residente,Le Marche,posted,2026-07-08T06:50:47.719781,168
b40af9563a98f5b7,https://py.linkedin.com/jobs/view/gestor-de-ventas-%E2%80%93-tecnolog%C3%ADa-agr%C3%ADcola-y-agricultura-de-precisi%C3%B3n-paraguay-at-fjdynamics-4437724667,Gestor de Ventas – Tecnología Agrícola y Agricultura de Precisión (Paraguay),,scraped,2026-07-08T06:50:52.349533,
aeccdb7357d3a1c7,https://py.linkedin.com/jobs/view/desarrollador-full-stack-senior-at-esmassiva-4433991345,Desarrollador Full Stack Senior,,scraped,2026-07-08T06:51:01.846809,
1bad071cddaf2b70,https://py.linkedin.com/jobs/view/comprador-a-at-inovant-rh-4436501086,Comprador(a),,scraped,2026-07-08T13:20:22.715344,
5110df8f84e6c048,https://py.linkedin.com/jobs/view/asistente-de-compras-temporal-at-louis-dreyfus-company-4431525518,Asistente de Compras Temporal,Louis Dreyfus Company,posted,2026-07-08T13:20:47.414812,170
76aa1cbdc0dab34f,https://py.linkedin.com/jobs/view/consultor-de-la-propiedad-inmobiliaria-at-remax-exclusive-4434643049,Consultor de la propiedad inmobiliaria,,scraped,2026-07-08T13:21:24.076658,
9cc9fd62e4a28880,https://py.linkedin.com/jobs/view/site-reliability-engineer-core-infrastructure-at-kraken-4426961518,Site Reliability Engineer - Core Infrastructure,Kraken,posted,2026-07-08T13:21:45.093612,172
dc49968b3b232a8b,https://py.linkedin.com/jobs/view/asistente-administrativo-de-estancia-acn-at-agropecuaria-campos-nuevos-4436108332,Asistente Administrativo de Estancia - ACN,Agropecuaria Campos Nuevos,posted,2026-07-08T13:21:55.749999,174
176537950e2276b2,https://py.linkedin.com/jobs/view/bilingual-sap-basis-senior-analyst-at-solventum-4418962012,Bilingual SAP BASIS Senior Analyst,Solventum,posted,2026-07-08T13:22:05.128450,176
18871e95139030bf,https://py.linkedin.com/jobs/view/senior-back-end-developer-node-express-js-at-worldly-4438133381,Senior Back-End Developer (Node/Express.js),Worldly,posted,2026-07-08T13:22:14.342101,178
c6d00079e35e36ad,https://py.linkedin.com/jobs/view/ejecutivo-de-cuentas-clave-at-close-up-international-4430208921,Ejecutivo de cuentas clave,,scraped,2026-07-08T13:22:16.995372,
5a22af8c27820885,https://py.linkedin.com/jobs/view/vendedor-4434585464,Vendedor,MASTER ELECTRONICA,posted,2026-07-08T13:22:50.577998,180
55a8ade67f9c0aef,https://py.linkedin.com/jobs/view/ejecutivo-comercial-b2b-4437885965,Ejecutivo Comercial B2B,Confidencial.,posted,2026-07-08T13:23:03.505323,182
7656741ebf109b22,https://py.linkedin.com/jobs/view/ingeniero-sr-de-infraestructura-it-at-oneinfo-consulting-4434847372,Ingeniero Sr de Infraestructura IT,,scraped,2026-07-08T13:23:08.134250,
547ca2104c947786,https://py.linkedin.com/jobs/view/senior-de-precios-de-transferencia-at-ey-4385049370,Senior de Precios de Transferencia,EY,posted,2026-07-08T13:23:31.082595,184
ea8b90f96ea5932c,https://py.linkedin.com/jobs/view/sales-backoffice-associate-at-infobip-4436204636,Sales BackOffice Associate,,scraped,2026-07-08T13:23:33.741089,
a18dbdad445d2121,https://py.linkedin.com/jobs/view/senior-marketing-analyst-strategy-analytics-at-toptal-4437469133,"Senior Marketing Analyst, Strategy & Analytics",Toptal,posted,2026-07-08T13:24:16.960258,186
d4b110eedc060b26,https://py.linkedin.com/jobs/view/fullstack-developer-senior-python-django-%2B-react-remote-latin-america-at-bluelight-4437862563,"Fullstack Developer (Senior) - Python (Django) + React - Remote, Latin America",Bluelight,posted,2026-07-08T13:24:22.041840,118
db3372b8cd0048b5,https://py.linkedin.com/jobs/view/banco-de-talentos-personas-con-discapacidad-at-ey-4385051255,Banco de Talentos - Personas con Discapacidad,EY,posted,2026-07-08T13:24:33.394490,188
72bec50da9fce4be,https://py.linkedin.com/jobs/view/application-security-engineer-checkmarx-sast-remote-work-at-bairesdev-4436814616,Application Security Engineer (Checkmarx / SAST) - Remote Work,BairesDev,posted,2026-07-08T13:24:41.696617,190
79b8d01998a81f3f,https://py.linkedin.com/jobs/view/portuguese-speaker-needed-for-data-entry-specialist-4419607575,Portuguese speaker needed for Data Entry Specialist,Web and data research,posted,2026-07-08T13:24:50.323053,192
3375698af0f8e3f6,https://py.linkedin.com/jobs/view/procurement-specialist-at-ceragon-networks-4434869434,Procurement Specialist,Ceragon Networks,posted,2026-07-08T18:57:07.159820,194
46d4ac65bddf3545,https://py.linkedin.com/jobs/view/financial-specialist-at-consorcio-holding-4433713137,Financial Specialist,,scraped,2026-07-08T18:57:15.809513,
e003904c1344f3c2,https://py.linkedin.com/jobs/view/supervisor-a-concepci%C3%B3n-at-lidia-pereira-headhunter-4434846968,Supervisor (a) Concepción,Lidia Pereira-Headhunter,posted,2026-07-08T18:57:40.454755,196
32ed0ab030fc03ee,https://py.linkedin.com/jobs/view/analista-de-capacitaci%C3%B3n-at-fundaci%C3%B3n-paraguaya-4434851780,Analista de Capacitación,,scraped,2026-07-08T18:57:49.377786,
956e362a52632378,https://py.linkedin.com/jobs/view/expert-en-ing%C3%A9nierie-de-la-formation-et-enseignement-technique-fili%C3%A8re-for%C3%AAt-bois-h-f-at-expertise-france-4428937862,Expert en ingénierie de la formation et enseignement technique - Filière forêt-bois (H/F),,scraped,2026-07-08T18:58:00.952614,
da5bc958fde095e9,https://py.linkedin.com/jobs/view/diagnostic-technician-key-whitman-eye-center-dallas-at-novamed-4438180663,"Diagnostic Technician - Key Whitman Eye Center, Dallas",Novamed,posted,2026-07-08T18:58:18.792169,198
689a55b94271d930,https://py.linkedin.com/jobs/view/especialista-en-inmuebles-at-remax-guimar-4434591072,Especialista en inmuebles,,scraped,2026-07-08T18:58:23.398103,
d93d72f457054d7d,https://py.linkedin.com/jobs/view/floating-patient-counselor-dallas-tx-at-novamed-4438184497,"Floating Patient Counselor- Dallas, TX",Novamed,posted,2026-07-08T18:58:41.449710,200
76c9af876ecdfb7e,https://py.linkedin.com/jobs/view/servicio-t%C3%A9cnico-at-alvog-sa-4434548904,Servicio técnico,ALVOG SA,posted,2026-07-08T18:59:05.129886,202
0da260d5370375bc,https://py.linkedin.com/jobs/view/back-junior-administrativo-at-jardin-de-la-paz-4434887184,Back Junior Administrativo,,scraped,2026-07-08T18:59:07.758686,
66092f8a64d3413a,https://py.linkedin.com/jobs/view/consultant-for-national-strategy-for-international-development-cooperation-at-global-green-growth-institute-4438253599,Consultant for National Strategy for International Development Cooperation,,scraped,2026-07-08T18:59:16.290542,
d7f7562b25f9666d,https://py.linkedin.com/jobs/view/atenci%C3%B3n-al-cliente-pos-venta-at-todo-costura-s-a-4434869177,Atención al cliente - Pos venta,,scraped,2026-07-08T18:59:27.929254,
fec66e5a7e2264bc,https://py.linkedin.com/jobs/view/ingeniero-de-calidad-de-servicios-fijos-at-millicom-tigo-4435862156,Ingeniero de Calidad de Servicios Fijos,,scraped,2026-07-08T18:59:40.050026,
af3a79d0c048700e,https://py.linkedin.com/jobs/view/social-media-content-creator-at-%C3%A9xito%21-super-mayorista-4434592748,Social Media Content Creator,ÉXITO! SUPER MAYORISTA,posted,2026-07-08T18:59:55.239810,204
cc9fe58095e79a80,https://py.linkedin.com/jobs/view/comercial-at-moa-real-estate-4422753209,Comercial,MOA Real Estate,posted,2026-07-08T19:00:12.411850,206
016f9440ab2e0e94,https://py.linkedin.com/jobs/view/jefe-de-retencion-y-fidelizacion-hogar-at-millicom-tigo-4438291084,Jefe de Retencion Y Fidelizacion Hogar,,scraped,2026-07-08T19:00:15.125552,
83633803ad4b58ff,https://py.linkedin.com/jobs/view/analista-de-contabilidad-4434585023,Analista de contabilidad,La Data,posted,2026-07-08T19:00:24.094067,124
cda6d061e0f177a8,https://py.linkedin.com/jobs/view/sr-human-resources-analyst-at-louis-dreyfus-company-4434589634,Sr. Human Resources Analyst,Louis Dreyfus Company,posted,2026-07-08T19:00:42.687821,208
e6c456454857a5ce,https://py.linkedin.com/jobs/view/growth-marketer-at-the-flex-4436771630,Growth Marketer,,scraped,2026-07-08T19:00:45.481338,
7344c95ad071b055,https://py.linkedin.com/jobs/view/asesor-de-cobranzas-at-propietario-inmobiliaria-4433959482,Asesor de Cobranzas,Propietario Inmobiliaria,posted,2026-07-08T19:01:28.653669,210
a7fc7275420bb1b3,https://py.linkedin.com/jobs/view/spanish-bilingual-customer-service-specialist-at-talentpop-app-4434878425,Spanish Bilingual Customer Service Specialist,TalentPop App,posted,2026-07-08T19:01:40.270055,212
7d742bdadd739f64,https://py.linkedin.com/jobs/view/suscriptor-de-patrimoniales-at-sancor-seguros-del-paraguay-4433960363,Suscriptor de Patrimoniales,,scraped,2026-07-08T19:01:44.980202,
eb97ea757ec07be8,https://py.linkedin.com/jobs/view/end-user-support-technician-at-alorica-4437871741,End User Support Technician,Alorica,posted,2026-07-08T19:02:01.703348,214
d8b185f032fc83d7,https://py.linkedin.com/jobs/view/spanish-bilingual-customer-service-specialist-at-talentpop-app-4434890427,Spanish Bilingual Customer Service Specialist,TalentPop App,posted,2026-07-08T19:02:14.839247,212
28ef78b5e13646cc,https://py.linkedin.com/jobs/view/ingeniero-de-seguridad-de-aplicaciones-checkmarx-sast-trabajo-remoto-at-bairesdev-4436840411,Ingeniero de Seguridad de Aplicaciones (Checkmarx / SAST) - Trabajo Remoto,BairesDev,posted,2026-07-08T19:02:25.525851,216
54323ad558c8d769,https://py.linkedin.com/jobs/view/especialista-en-operaciones-y-configuraci%C3%B3n-de-aplicaciones-at-ey-4385032962,Especialista en Operaciones y Configuración de Aplicaciones,EY,posted,2026-07-08T19:02:54.151285,218
fa89b9881cbaf458,https://py.linkedin.com/jobs/view/spanish-bilingual-customer-service-specialist-at-talentpop-app-4434881578,Spanish Bilingual Customer Service Specialist,TalentPop App,scraped,2026-07-08T19:03:02.470736,
bd002f6f9605e5bc,https://py.linkedin.com/jobs/view/spanish-bilingual-customer-service-specialist-at-talentpop-app-4434889319,Spanish Bilingual Customer Service Specialist,TalentPop App,scraped,2026-07-08T19:03:06.578046,
9ff5624c2524731b,https://py.linkedin.com/jobs/view/spanish-bilingual-customer-service-specialist-at-talentpop-app-4434886352,Spanish Bilingual Customer Service Specialist,TalentPop App,scraped,2026-07-08T19:03:11.051587,
200954145f37fc01,https://py.linkedin.com/jobs/view/spanish-bilingual-customer-service-specialist-at-talentpop-app-4434883435,Spanish Bilingual Customer Service Specialist,TalentPop App,scraped,2026-07-08T19:03:15.630387,
f47c4804f45968f2,https://py.linkedin.com/jobs/view/spanish-bilingual-customer-service-specialist-at-talentpop-app-4434891301,Spanish Bilingual Customer Service Specialist,TalentPop App,scraped,2026-07-08T19:03:19.813788,
379794009e98f32d,https://py.linkedin.com/jobs/view/spanish-bilingual-customer-service-specialist-at-talentpop-app-4434888316,Spanish Bilingual Customer Service Specialist,TalentPop App,scraped,2026-07-08T19:03:24.086816,
2719e540ec4423e5,https://py.linkedin.com/jobs/view/vendedor-de-suplementaci%C3%B3n-deportiva-4434878387,vendedor de suplementación deportiva,El negro suplementos,posted,2026-07-08T19:03:39.022119,220
5200c9dbe3e206e6,https://py.linkedin.com/jobs/view/product-security-engineer-remote-work-at-bairesdev-4437065421,Product Security Engineer - Remote Work,BairesDev,posted,2026-07-08T19:03:51.248132,222
888051866affff7c,https://py.linkedin.com/jobs/view/analista-de-procesos-at-ita%C3%BA-paraguay-4438510196,Analista de Procesos,,scraped,2026-07-08T23:45:13.120705,
458106c23d494b5a,https://py.linkedin.com/jobs/view/content-manager-at-master-shop-4434875996,CONTENT MANAGER,,scraped,2026-07-08T23:45:32.802223,
5552e9628870444f,https://py.linkedin.com/jobs/view/data-and-reporting-analyst-at-national-services-group-inc-4436250509,Data and Reporting Analyst,"National Services Group, Inc.",posted,2026-07-08T23:45:51.472016,224
7be67b78c5047206,https://py.linkedin.com/jobs/view/end-user-support-technician-advanced-english-at-alorica-4436254904,End User Support Technician (Advanced English),Alorica,posted,2026-07-08T23:46:02.744573,226
d7af19e721d3db2e,https://py.linkedin.com/jobs/view/responsable-de-red-de-acceso-santa-rosa-del-aguaray-at-claro-paraguay-4437312813,Responsable de Red de Acceso - Santa Rosa del Aguaray,,scraped,2026-07-08T23:46:35.122905,
2e1e2eb57a32f202,https://py.linkedin.com/jobs/view/french-bilingual-customer-service-specialist-at-talentpop-app-4434876699,French Bilingual Customer Service Specialist,TalentPop App,posted,2026-07-08T23:46:52.131321,228
da8f30a1361ea7c3,https://py.linkedin.com/jobs/view/operations-assistant-at-cs-outsource-4437322211,Operations Assistant,CS Outsource,posted,2026-07-08T23:47:11.537819,74
4f26356468287dba,https://py.linkedin.com/jobs/view/sales-occupancy-tax-analyst-at-howard-4438504003,Sales & Occupancy Tax Analyst,Howard,posted,2026-07-08T23:47:25.089553,230
aba4a35e65c7819e,https://py.linkedin.com/jobs/view/travel-expenses-sr-associate-at-nestl%C3%A9-4438531474,Travel & Expenses Sr. Associate,Nestlé,posted,2026-07-08T23:48:14.723961,232
39b8d95a7175ae1c,https://py.linkedin.com/jobs/view/office-based-call-center-agent-itapua-paraguay-at-srr-group-4436497140,"Office-based_Call Center Agent (Itapua, Paraguay)",SRR Group,posted,2026-07-08T23:48:37.033201,234
6fb99994cc8062c5,https://py.linkedin.com/jobs/view/cluster-director-south-america-4438530057,Cluster Director South America,Plan Internacional,posted,2026-07-08T23:49:00.736935,236
f079d2feab443977,https://py.linkedin.com/jobs/view/senior-security-scrum-master-remote-work-at-bairesdev-4437096891,Senior Security Scrum Master - Remote Work,BairesDev,posted,2026-07-08T23:49:16.601217,238
afa6ac2537505709,https://py.linkedin.com/jobs/view/district-representative-ii-%E2%80%93-py-at-nalco-water-an-ecolab-company-4408558643,District Representative II – PY,"Nalco Water, An Ecolab Company",posted,2026-07-08T23:49:22.173835,92
52944b4b12f9e782,https://py.linkedin.com/jobs/view/senior-qa-automation-engineer-playwright-mobile-at-applaudo-4436159529,Senior QA Automation Engineer (Playwright & Mobile),,scraped,2026-07-08T23:49:40.785766,
642759690fde6fff,https://py.linkedin.com/jobs/view/procurement-analyst-at-ceragon-networks-4434898486,Procurement Analyst,Ceragon Networks,posted,2026-07-09T11:25:20.687944,240
fc172f52e72d3167,https://py.linkedin.com/jobs/view/comprador-a-mt-at-inovant-rh-4435616898,Comprador(a) - MT,,scraped,2026-07-09T11:25:27.100330,
ec84b1df261bdb07,https://py.linkedin.com/jobs/view/coordinador-unidad-de-reventa-alquileres-de-inmuebles-at-talent-connect-4437339273,Coordinador - Unidad de Reventa / Alquileres de Inmuebles,Talent Connect,posted,2026-07-09T11:26:28.362649,242
7a195daa3f7a974c,https://py.linkedin.com/jobs/view/french-bilingual-customer-service-specialist-at-talentpop-app-4434886403,French Bilingual Customer Service Specialist,TalentPop App,posted,2026-07-09T11:26:42.437678,228
fb37a12b3502095e,https://py.linkedin.com/jobs/view/hiring-journey-analyst-remote-work-at-bairesdev-4436818447,Hiring Journey Analyst - Remote Work,BairesDev,posted,2026-07-09T11:27:02.001773,244
ed7c9fd4cbc6da1d,https://py.linkedin.com/jobs/view/ingeniero-de-soporte-de-producci%C3%B3n-at-sodep-s-a-4434868963,Ingeniero de soporte de producción,,scraped,2026-07-09T11:27:06.621925,
781790d215aa9d8c,https://py.linkedin.com/jobs/view/product-security-engineer-remote-work-at-bairesdev-4437062535,Product Security Engineer - Remote Work,BairesDev,posted,2026-07-09T11:27:43.332257,222
699c113f04d8794f,https://py.linkedin.com/jobs/view/recruiting-manager-remote-work-at-bairesdev-4437079118,Recruiting Manager - Remote Work,BairesDev,posted,2026-07-09T11:27:55.299295,246
2afb2708eeeb1a2f,https://py.linkedin.com/jobs/view/analista-de-seguridad-de-aplicaciones-code-review-trabajo-remoto-ref%23296113-at-bairesdev-4432460787,Analista de Seguridad de Aplicaciones (Code Review) - Trabajo Remoto | REF#296113,BairesDev,posted,2026-07-09T11:28:06.084394,248
d190f8800a9e24ea,https://py.linkedin.com/jobs/view/android-engineer-ai-ml-remote-work-at-bairesdev-4436823072,"Android Engineer, AI/ML - Remote Work",BairesDev,posted,2026-07-09T11:28:37.689650,250
ced45d9147000e64,https://py.linkedin.com/jobs/view/senior-technical-program-manager-remote-work-at-bairesdev-4437305343,Senior Technical Program Manager - Remote Work,BairesDev,posted,2026-07-09T11:28:49.929047,252
be8a1ad3f7c8dc60,https://py.linkedin.com/jobs/view/asistente-senior-de-cuentas-por-pagar-at-nestl%C3%A9-4438529463,Asistente Senior de Cuentas por Pagar,Nestlé,posted,2026-07-09T11:29:01.229240,254
f66674bcc7e960f5,https://py.linkedin.com/jobs/view/senior-software-engineer-frontend-pro-at-kraken-4416587289,Senior Software Engineer - Frontend - Pro,Kraken,posted,2026-07-09T11:29:34.215034,256
4ff26ee4d683b018,https://py.linkedin.com/jobs/view/application-security-engineer-checkmarx-sast-remote-work-at-bairesdev-4436810901,Application Security Engineer (Checkmarx / SAST) - Remote Work,BairesDev,posted,2026-07-09T11:29:41.778674,190
acf1fa1baa31a698,https://py.linkedin.com/jobs/view/application-security-analyst-code-review-remote-work-ref%23296079-at-bairesdev-4432466757,Application Security Analyst (Code Review) - Remote Work | REF#296079,BairesDev,posted,2026-07-09T11:29:59.476664,258
0680088d5d2255eb,https://py.linkedin.com/jobs/view/key-account-manager-at-roche-4430124901,Key Account Manager,,scraped,2026-07-09T18:28:25.960568,
be3c0a48591e80b0,https://py.linkedin.com/jobs/view/asistente-senior-de-cuentas-por-cobrar-at-nestl%C3%A9-4438529463,Asistente Senior de Cuentas por Cobrar,Nestlé,posted,2026-07-09T18:28:43.892694,260
b0e7fe7f5faeb7c4,https://py.linkedin.com/jobs/view/asesor-a-de-ventas-externas-suc-c-d-e-at-record-electric-saeca-4436802758,Asesor/a de Ventas Externas Suc. C.D.E.,,scraped,2026-07-09T18:28:52.570616,
dc0ffcc566ebf624,https://py.linkedin.com/jobs/view/analista-de-entrenamiento-digital-at-millicom-tigo-4438555230,Analista de Entrenamiento Digital,,scraped,2026-07-09T18:29:13.345547,
5571e05426136280,https://py.linkedin.com/jobs/view/coordenadora-fiscal-mt-at-inovant-rh-4435623054,Coordenadora Fiscal - MT,,scraped,2026-07-09T18:29:19.821120,
a564dceb76bda416,https://py.linkedin.com/jobs/view/ejecutivo-a-generador-de-negocios-at-clin-%E2%80%93-facility-management-4435687126,Ejecutivo/a Generador de Negocios,,scraped,2026-07-09T18:29:40.535486,
8e6d00d14925ed80,https://py.linkedin.com/jobs/view/dise%C3%B1ador-4434895824,Diseñador,BEE! Agencia de Experiencias,posted,2026-07-09T18:30:02.014691,262
09883653e11c655e,https://py.linkedin.com/jobs/view/gerente-de-sucursal-at-manpowergroup-paraguay-4438676957,Gerente de Sucursal,,scraped,2026-07-09T18:30:06.507711,
5ca6d23aa94dcbb4,https://py.linkedin.com/jobs/view/operations-manager-at-cs-outsource-4437586342,Operations Manager,CS Outsource,posted,2026-07-09T18:30:26.118493,264
93ffa011996374fb,https://py.linkedin.com/jobs/view/bilingual-medical-interpreter-spanish-english-at-i-call-international-4433951776,Bilingual Medical Interpreter Spanish/English,i-Call International,posted,2026-07-09T18:30:38.595990,266
b69e3d8dfc23bca5,https://py.linkedin.com/jobs/view/smartphone-task-expert-%246-hr-remote-at-crossing-hurdles-4437554027,Smartphone Task Expert | $6/hr Remote,Crossing Hurdles,posted,2026-07-09T18:30:55.188246,268
81a300ddc5069a23,https://py.linkedin.com/jobs/view/private-sector-engagement-and-investment-promotion-experts-at-ntu-international-a-s-4436755040,Private Sector Engagement and Investment Promotion Experts,,scraped,2026-07-09T18:30:59.771418,
04b99439bdf2da69,https://py.linkedin.com/jobs/view/senior-salesforce-engineer-at-apply-4437728181,Senior Salesforce Engineer,,scraped,2026-07-09T18:31:12.996309,
8361339c7f319d22,https://py.linkedin.com/jobs/view/desarrollador-a-back-end-at-mas-que-bien-service-e-a-s-4435907249,Desarrollador/a Back-End,MAS QUE BIEN SERVICE E.A.S.,posted,2026-07-09T18:31:45.884215,270
ded19ff175116ab0,https://py.linkedin.com/jobs/view/operations-manager-driver-growth-and-engagement-at-bolt-4437095883,Operations Manager (Driver Growth and Engagement),,scraped,2026-07-09T18:31:48.617061,
8db637300aefcf29,https://py.linkedin.com/jobs/view/corporate-travel-and-mobility-agent-remote-work-at-bairesdev-4437075678,Corporate Travel and Mobility Agent - Remote Work,BairesDev,posted,2026-07-09T18:32:03.294965,272
e0dea2bbf6be4c60,https://py.linkedin.com/jobs/view/career-framework-specialist-remote-work-at-bairesdev-4437086090,Career Framework Specialist - Remote Work,BairesDev,posted,2026-07-09T18:32:19.968904,274
08b94ac7d8dc4a24,https://py.linkedin.com/jobs/view/agente-customer-success-senior-4438519247,Agente Customer Success Senior,Confidencial.,posted,2026-07-09T18:32:30.575110,276
125a516a986c5099,https://py.linkedin.com/jobs/view/atenci%C3%B3n-al-cliente-y-ventas-paseo-the-town-asu-at-fiore-4429811660,Atención al Cliente y Ventas - Paseo The Town ASU,,scraped,2026-07-09T18:32:37.175604,
d0de02efbf016bb0,https://py.linkedin.com/jobs/view/production-coordinator-assistant-planner-leviat-at-crh-4418461933,Production Coordinator / Assistant Planner- Leviat,,scraped,2026-07-09T18:32:45.153858,
8efd07016a228ec5,https://py.linkedin.com/jobs/view/especialista-soldador-at-groube-talent-4434862742,Especialista Soldador,,scraped,2026-07-09T18:32:51.820579,
88ffbeeec59c26a3,https://py.linkedin.com/jobs/view/spanish-bilingual-customer-service-specialist-at-talentpop-app-4434882295,Spanish Bilingual Customer Service Specialist,TalentPop App,posted,2026-07-09T18:33:11.929646,212
a79abd8c0adc5e46,https://py.linkedin.com/jobs/view/spanish-bilingual-customer-service-specialist-at-talentpop-app-4434890267,Spanish Bilingual Customer Service Specialist,TalentPop App,scraped,2026-07-09T18:33:16.421140,
7c4cb3dfc44233b8,https://py.linkedin.com/jobs/view/spanish-bilingual-customer-service-specialist-at-talentpop-app-4434869849,Spanish Bilingual Customer Service Specialist,TalentPop App,scraped,2026-07-09T18:33:22.593795,
7ae6555e89d31114,https://py.linkedin.com/jobs/view/spanish-bilingual-customer-service-specialist-at-talentpop-app-4434884244,Spanish Bilingual Customer Service Specialist,TalentPop App,scraped,2026-07-09T18:33:26.849135,
673d53b9555ba867,https://py.linkedin.com/jobs/view/spanish-bilingual-customer-service-specialist-at-talentpop-app-4434869876,Spanish Bilingual Customer Service Specialist,TalentPop App,scraped,2026-07-09T18:33:31.034923,
57825ca4b7d1287d,https://py.linkedin.com/jobs/view/senior-site-reliability-engineer-sre-remote-work-at-bairesdev-4437542148,Senior Site Reliability Engineer (SRE) - Remote Work,BairesDev,posted,2026-07-09T18:33:54.998253,278
3719c600185a3052,https://py.linkedin.com/jobs/view/senior-devsecops-engineer-remote-work-at-bairesdev-4437312053,Senior DevSecOps Engineer - Remote Work,BairesDev,posted,2026-07-09T18:34:10.308896,280
f0cf4381f9425f33,https://py.linkedin.com/jobs/view/ingeniero-sast-trabajo-remoto-ref%23296013-at-bairesdev-4432450983,Ingeniero SAST - Trabajo Remoto | REF#296013,BairesDev,posted,2026-07-09T18:34:22.171495,282
c8b0ec6953998381,https://py.linkedin.com/jobs/view/senior-azure-cloud-engineer-at-applaudo-4438253694,Senior Azure Cloud Engineer,,scraped,2026-07-09T18:34:24.817658,
0a79872696bc7969,https://py.linkedin.com/jobs/view/analista-de-compras-at-rocktree-4437921027,Analista de Compras,Rocktree,posted,2026-07-09T23:55:05.713459,284
796733b8ee4c0934,https://py.linkedin.com/jobs/view/community-manager-at-grupo-jbb-4435697738,Community Manager,Grupo JBB,posted,2026-07-09T23:55:20.091540,286
752147dab7d4c513,https://py.linkedin.com/jobs/view/implementador-crm-at-grupo-py-s-r-l-4437089509,Implementador CRM,,scraped,2026-07-09T23:55:50.791910,
b3c15072dddc956a,https://py.linkedin.com/jobs/view/desarrollador-de-back-end-java-at-roshka-s-a-4435678637,Desarrollador de back-end Java,,scraped,2026-07-09T23:56:06.644356,
d873dd60c3b2be93,https://py.linkedin.com/jobs/view/analista-financiero-junior-4438826540,Analista Financiero Junior,Confidencial.,posted,2026-07-09T23:56:28.596625,288
1ec75d2ac3e27d18,https://py.linkedin.com/jobs/view/t%C3%A9cnico-de-soporte-e-instalaci%C3%B3n-at-world-pos-solutions-4432578824,Técnico de soporte e instalación,World POS Solutions,posted,2026-07-09T23:56:45.027447,290
4f6e788f9a9c6a26,https://py.linkedin.com/jobs/view/t%C3%A9cnico-el%C3%A9ctrico-at-s-m-automation-s-a-4435906371,Técnico eléctrico,S & M Automation S.A.,posted,2026-07-09T23:57:11.519484,292
c9d34a28d8e93f07,https://py.linkedin.com/jobs/view/desarrollador-java-at-diviserv-s-a-4399906126,Desarrollador Java,,scraped,2026-07-09T23:57:26.113911,
150cdc442a9cad90,https://py.linkedin.com/jobs/view/soporte-t%C3%A9cnico-implementador-de-sistemas-at-flex-tech-4435902865,Soporte Técnico | Implementador de Sistemas,Flex Tech,posted,2026-07-09T23:57:39.939946,294
d0233723847fc62f,https://py.linkedin.com/jobs/view/media-buyer-at-gouva-4433748630,Media Buyer,gouva,posted,2026-07-09T23:58:09.389246,296
41567c129cfada7f,https://py.linkedin.com/jobs/view/sales-executive-for-campus-live-remote-work-at-bairesdev-4436595920,Sales Executive for Campus Live - Remote Work,BairesDev,posted,2026-07-09T23:58:54.327950,298
6e92afcc3e01007f,https://py.linkedin.com/jobs/view/senior-security-data-scientist-python-remote-work-at-bairesdev-4437503602,Senior Security Data Scientist (Python) - Remote Work,BairesDev,posted,2026-07-09T23:59:16.903801,300
5131d52aa691b650,https://py.linkedin.com/jobs/view/lead-field-service-representative-py-at-nalco-water-an-ecolab-company-4408722475,Lead Field Service Representative - PY,"Nalco Water, An Ecolab Company",posted,2026-07-09T23:59:34.698909,302
8022e5893020b4ce,https://py.linkedin.com/jobs/view/auxiliar-de-gerencia-at-la-porte%C3%B1a-talento-humano-4437558356,Auxiliar de Gerencia,,scraped,2026-07-10T11:23:43.948886,
51dafdb7d0de6b47,https://py.linkedin.com/jobs/view/graphic-designer-at-huzzle-com-4438200964,Graphic Designer,,scraped,2026-07-10T11:23:53.571998,
49eba72f3f23e49c,https://py.linkedin.com/jobs/view/analista-sr-de-facturaci%C3%B3n-latam-billing-at-nestl%C3%A9-4437898566,Analista Sr de Facturación LATAM (Billing),Nestlé,posted,2026-07-10T11:24:13.221854,304
8af98ba000e58478,https://py.linkedin.com/jobs/view/freelance-grabaci%C3%B3n-de-tareas-cotidianas-para-proyecto-de-ia-at-toloka-annotators-4437763605,Freelance: grabación de tareas cotidianas para proyecto de IA,Toloka Annotators,posted,2026-07-10T11:24:22.657524,306
5f52251f187184e2,https://py.linkedin.com/jobs/view/project-manager-it-software-at-g-digital-4435903973,Project Manager - IT / Software,,scraped,2026-07-10T11:24:45.288316,
29f15b68b73c79e9,https://py.linkedin.com/jobs/view/administrador-de-empresas-at-amazonas-eas-4435915755,Administrador de empresas,AMAZONAS EAS,posted,2026-07-10T11:25:05.593238,308
eaaa53ae26cbc226,https://py.linkedin.com/jobs/view/sales-specialist-at-unox-s-p-a-4429377950,Sales Specialist,,scraped,2026-07-10T11:25:12.217088,
5af4d903f72a2310,https://py.linkedin.com/jobs/view/courier-temporal-at-dhl-express-4438872728,Courier Temporal,DHL Express,posted,2026-07-10T11:25:27.382139,310
b42b5886b26e18b7,https://py.linkedin.com/jobs/view/asesor-at-punto-clave-real-states-4433140112,Asesor,Punto Clave Inmobiliaria,posted,2026-07-10T11:25:47.066146,312
c0360ef1be762e08,https://py.linkedin.com/jobs/view/consultor-t%C3%A9cnico-comercial-at-plastizil-s-a-4435909374,Consultor técnico comercial,,scraped,2026-07-10T11:25:49.673992,
1533edcda72fcd8a,https://py.linkedin.com/jobs/view/video-recording-expert-%246-hr-remote-at-crossing-hurdles-4437984007,Video Recording Expert | $6/hr Remote,Crossing Hurdles,posted,2026-07-10T11:26:19.465930,314
6cb000a0038cf685,https://py.linkedin.com/jobs/view/spanish-bilingual-customer-service-specialist-at-talentpop-app-4434879592,Spanish Bilingual Customer Service Specialist,TalentPop App,posted,2026-07-10T11:26:26.821812,212
bd76e3e0328a788f,https://py.linkedin.com/jobs/view/agente-de-bienes-inmuebles-comerciales-at-re-max-genesis-paraguay-4435679814,Agente de bienes inmuebles comerciales,,scraped,2026-07-10T11:26:47.210873,
11849a267ccf835f,https://py.linkedin.com/jobs/view/senior-front-end-developer-angular-at-worldly-4438809748,Senior Front-End Developer (Angular),Worldly,posted,2026-07-10T11:27:07.033353,316
86f1bc3f5f69d97f,https://py.linkedin.com/jobs/view/soporte-t%C3%A9cnico-help-desk-%E2%80%93-turno-noche-4425658043,Soporte Técnico Help Desk – Turno Noche,Confidencial.,posted,2026-07-10T11:27:53.619615,318
f56827bfbe60ffee,https://py.linkedin.com/jobs/view/conductora-conductor-npsa2-at-undp-careers-4439093016,Conductora/Conductor -NPSA2,UNDP Careers,posted,2026-07-10T18:09:46.065960,320
7807a172e770b9c7,https://py.linkedin.com/jobs/view/corporate-english-trainer-spanish-bilingual-at-gofluent-4437970807,Corporate English Trainer (Spanish Bilingual),,scraped,2026-07-10T18:09:54.803101,
c192839267bc7ac2,https://py.linkedin.com/jobs/view/analista-de-control-en-tiendas-y-call-center-en-tiempo-real-at-millicom-tigo-4438293094,Analista de Control en Tiendas y Call Center en Tiempo Real,,scraped,2026-07-10T18:10:14.978562,
589694e83020e44a,https://py.linkedin.com/jobs/view/spanish-content-writer-remote-at-yo-it-consulting-4437929773,Spanish Content Writer - Remote,,scraped,2026-07-10T18:10:23.743577,
1091e2b364adc3c0,https://py.linkedin.com/jobs/view/gerente-t%C3%A9cnico-%E2%80%93-ingeniero-a-civil-on-site-asunci%C3%B3n-at-talent-connect-4437331456,Gerente Técnico – Ingeniero/a Civil - On-site (Asunción),Talent Connect,posted,2026-07-10T18:10:37.673241,322
1a3032b269d0e0da,https://py.linkedin.com/jobs/view/project-manager-remote-work-at-bairesdev-4437054813,Project Manager - Remote Work,BairesDev,posted,2026-07-10T18:10:50.377681,324
23e153527371533c,https://py.linkedin.com/jobs/view/engenheiro-de-planejamento-at-afry-4087531758,Engenheiro de Planejamento,,scraped,2026-07-10T18:10:52.754868,
e90cf00a20bf4348,https://py.linkedin.com/jobs/view/backend-c%23-at-clt-sa-4436602489,Backend c#,CLT SA,posted,2026-07-10T18:11:25.109867,326
a9e3e629059f8c3a,https://py.linkedin.com/jobs/view/asistente-financiero-jr-at-mirca-business-group-4436619236,Asistente Financiero (Jr),MIRCA BUSINESS GROUP,posted,2026-07-10T18:11:46.838391,328
66715853f3680329,https://py.linkedin.com/jobs/view/customer-happiness-specialist-wordpress-full-remote-at-wpdeveloper-4439085788,Customer Happiness Specialist (WordPress)- Full Remote,,scraped,2026-07-10T18:11:55.507453,
8044beb5c9e8d32b,https://py.linkedin.com/jobs/view/t%C3%A9cnico-electricista-industrial-at-ffa-flavors-and-fragrances-of-america-4398803982,Técnico Electricista Industrial,FFA (Flavors and Fragrances of America),posted,2026-07-10T18:12:16.598703,330
73b4a564f3660579,https://py.linkedin.com/jobs/view/remote-gig-for-videographers-%246-hr-remote-at-crossing-hurdles-4437986036,Remote Gig for Videographers | $6/hr Remote,Crossing Hurdles,posted,2026-07-10T18:12:41.645604,332
3f014959662684a4,https://py.linkedin.com/jobs/view/sast-engineer-remote-work-ref%23295979-at-bairesdev-4432470200,SAST Engineer - Remote Work | REF#295979,BairesDev,posted,2026-07-10T18:13:16.138641,334
e6d10a6165ed8c79,https://py.linkedin.com/jobs/view/an-independent-investment-banking-firm-focused-on-mergers-and-acquisitions-and-capital-raising-across-latin-america-is-seeking-a-financial-analyst-at-mabel-riart-consulting-4435909838,An independent investment banking firm focused on mergers and acquisitions and capital raising across Latin America is seeking a FINANCIAL ANALYST,,scraped,2026-07-10T18:13:32.769100,
a924b0d8435f9e30,https://py.linkedin.com/jobs/view/lead-technical-support-engineer-at-mercor-4418549579,Lead Technical Support Engineer,Mercor,posted,2026-07-10T18:13:55.404976,336
7fa61d5e23bbda9b,https://py.linkedin.com/jobs/view/desarrollador-sap-at-rhgroup-consultancy-and-trainings-4435973658,Desarrollador SAP,,scraped,2026-07-10T18:13:58.045003,
76df8b65707d4082,https://py.linkedin.com/jobs/view/an-independent-investment-banking-firm-focused-on-mergers-and-acquisitions-and-capital-raising-across-latin-america-is-seeking-a-financial-analyst-at-mabel-riart-consulting-4435901894,An independent investment banking firm focused on mergers and acquisitions and capital raising across Latin America is seeking a FINANCIAL ANALYST,,scraped,2026-07-10T18:14:07.247433,
